,price,area,bedrooms,bathrooms,stories,mainroad,guestroom,basement,hotwaterheating,airconditioning,parking,prefarea,semi-furnished,unfurnished
15,9100000,6000,4,1,2,1,0,1,0,0,2,0,True,False
16,9100000,6600,4,2,2,1,1,1,0,1,1,1,False,True
17,8960000,8500,3,2,4,1,0,0,0,1,2,0,False,False
18,8890000,4600,3,2,2,1,1,0,0,1,2,0,False,False
19,8855000,6420,3,2,2,1,0,0,0,1,1,1,True,False
20,8750000,4320,3,1,2,1,0,1,1,0,2,0,True,False
21,8680000,7155,3,2,1,1,1,1,0,1,2,0,False,True
22,8645000,8050,3,1,1,1,1,1,0,1,1,0,False,False
23,8645000,4560,3,2,2,1,1,1,0,1,1,0,False,False
24,8575000,8800,3,2,2,1,0,0,0,1,2,0,False,False
25,8540000,6540,4,2,2,1,1,1,0,1,2,1,False,False
26,8463000,6000,3,2,4,1,1,1,0,1,0,1,True,False
27,8400000,8875,3,1,1,1,0,0,0,0,1,0,True,False
28,8400000,7950,5,2,2,1,0,1,1,0,2,0,False,True
29,8400000,5500,4,2,2,1,0,1,0,1,1,1,True,False
30,8400000,7475,3,2,4,1,0,0,0,1,2,0,False,True
31,8400000,7000,3,1,4,1,0,0,0,1,2,0,True,False
32,8295000,4880,4,2,2,1,0,0,0,1,1,1,False,False
33,8190000,5960,3,3,2,1,1,1,0,0,1,0,False,True
34,8120000,6840,5,1,2,1,1,1,0,1,1,0,False,False
35,8080940,7000,3,2,4,1,0,0,0,1,2,0,False,False
36,8043000,7482,3,2,3,1,0,0,1,0,1,1,False,False
37,7980000,9000,4,2,4,1,0,0,0,1,2,0,False,False
38,7962500,6000,3,1,4,1,1,0,0,1,2,0,False,True
39,7910000,6000,4,2,4,1,0,0,0,1,1,0,True,False
40,7875000,6550,3,1,2,1,0,1,0,1,0,1,False,False
41,7840000,6360,3,2,4,1,0,0,0,1,0,1,False,False
42,7700000,6480,3,2,4,1,0,0,0,1,2,0,False,True
43,7700000,6000,4,2,4,1,0,0,0,0,2,0,True,False
44,7560000,6000,4,2,4,1,0,0,0,1,1,0,False,False
45,7560000,6000,3,2,3,1,0,0,0,1,0,0,True,False
46,7525000,6000,3,2,4,1,0,0,0,1,1,0,False,False
47,7490000,6600,3,1,4,1,0,0,0,1,3,1,False,False
48,7455000,4300,3,2,2,1,0,1,0,0,1,0,False,True
49,7420000,7440,3,2,1,1,1,1,0,1,0,1,True,False
50,7420000,7440,3,2,4,1,0,0,0,0,1,1,False,True
51,7420000,6325,3,1,4,1,0,0,0,1,1,0,False,True
52,7350000,6000,4,2,4,1,1,0,0,1,1,0,False,False
53,7350000,5150,3,2,4,1,0,0,0,1,2,0,True,False
54,7350000,6000,3,2,2,1,1,0,0,1,1,0,True,False
55,7350000,6000,3,1,2,1,0,0,0,1,1,0,False,True
57,7245000,9000,4,2,4,1,1,0,0,1,1,1,False,False
58,7210000,7680,4,2,4,1,1,0,0,1,1,0,True,False
59,7210000,6000,3,2,4,1,1,0,0,1,1,0,False,False
60,7140000,6000,3,2,2,1,1,0,0,0,1,0,True,False
61,7070000,8880,2,1,1,1,0,0,0,1,1,0,True,False
62,7070000,6240,4,2,2,1,0,0,0,1,1,0,False,False
63,7035000,6360,4,2,3,1,0,0,0,1,2,1,False,False
65,6930000,8880,3,2,2,1,0,1,0,1,1,0,False,False
67,6895000,7700,3,2,1,1,0,0,0,0,2,0,False,True
68,6860000,6000,3,1,1,1,0,0,0,1,1,0,False,False
70,6790000,4000,3,2,2,1,0,1,0,1,0,1,True,False
71,6755000,6000,4,2,4,1,0,0,0,1,0,0,False,True
72,6720000,5020,3,1,4,1,0,0,0,1,0,1,False,True
73,6685000,6600,2,2,4,1,0,1,0,0,0,1,False,False
74,6650000,4040,3,1,2,1,0,1,1,0,1,0,False,False
75,6650000,4260,4,2,2,1,0,0,1,0,0,0,True,False
76,6650000,6420,3,2,3,1,0,0,0,1,0,1,False,False
77,6650000,6500,3,2,3,1,0,0,0,1,0,1,False,False
78,6650000,5700,3,1,1,1,1,1,0,1,2,1,False,False
79,6650000,6000,3,2,3,1,1,0,0,1,0,0,False,False
80,6629000,6000,3,1,2,1,0,0,1,0,1,1,True,False
81,6615000,4000,3,2,2,1,0,1,0,1,1,0,True,False
83,6580000,6000,3,2,4,1,0,0,0,1,0,0,True,False
84,6510000,3760,3,1,2,1,0,0,1,0,2,0,True,False
85,6510000,8250,3,2,3,1,0,0,0,1,0,0,False,False
86,6510000,6670,3,1,3,1,0,1,0,0,0,1,False,True
87,6475000,3960,3,1,1,1,0,1,0,0,2,0,True,False
88,6475000,7410,3,1,1,1,1,1,0,1,2,1,False,True
89,6440000,8580,5,3,2,1,0,0,0,0,2,0,False,False
90,6440000,5000,3,1,2,1,0,0,0,1,0,0,True,False
91,6419000,6750,2,1,1,1,1,1,0,0,2,1,False,False
92,6405000,4800,3,2,4,1,1,0,0,1,0,0,False,False
93,6300000,7200,3,2,1,1,0,1,0,1,3,0,True,False
94,6300000,6000,4,2,4,1,0,0,0,0,1,0,True,False
95,6300000,4100,3,2,3,1,0,0,0,1,2,0,True,False
96,6300000,9000,3,1,1,1,0,1,0,0,1,1,False,False
97,6300000,6400,3,1,1,1,1,1,0,1,1,1,True,False
98,6293000,6600,3,2,3,1,0,0,0,1,0,1,False,True
99,6265000,6000,4,1,3,1,1,1,0,0,0,1,False,True
100,6230000,6600,3,2,1,1,0,1,0,1,0,1,False,True
101,6230000,5500,3,1,3,1,0,0,0,0,1,1,False,True
102,6195000,5500,3,2,4,1,1,0,0,1,1,0,True,False
103,6195000,6350,3,2,3,1,1,0,0,1,0,0,False,False
104,6195000,5500,3,2,1,1,1,1,0,0,2,1,False,False
105,6160000,4500,3,1,4,1,0,0,0,1,0,0,False,True
106,6160000,5450,4,2,1,1,0,1,0,1,0,1,True,False
107,6125000,6420,3,1,3,1,0,1,0,0,0,1,False,True
108,6107500,3240,4,1,3,1,0,0,0,0,1,0,True,False
109,6090000,6615,4,2,2,1,1,0,1,0,1,0,True,False
110,6090000,6600,3,1,1,1,1,1,0,0,2,1,True,False
111,6090000,8372,3,1,3,1,0,0,0,1,2,0,False,True
112,6083000,4300,6,2,2,1,0,0,0,0,0,0,False,False
113,6083000,9620,3,1,1,1,0,1,0,0,2,1,False,False
114,6020000,6800,2,1,1,1,1,1,0,0,2,0,False,False
115,6020000,8000,3,1,1,1,1,1,0,1,2,1,True,False
116,6020000,6900,3,2,1,1,1,1,0,0,0,1,False,True
117,5950000,3700,4,1,2,1,1,0,0,1,0,0,False,False
118,5950000,6420,3,1,1,1,0,1,0,1,0,1,False,False
119,5950000,7020,3,1,1,1,0,1,0,1,2,1,True,False
120,5950000,6540,3,1,1,1,1,1,0,0,2,1,False,False
121,5950000,7231,3,1,2,1,1,1,0,1,0,1,True,False
122,5950000,6254,4,2,1,1,0,1,0,0,1,1,True,False
123,5950000,7320,4,2,2,1,0,0,0,0,0,0,False,False
124,5950000,6525,3,2,4,1,0,0,0,0,1,0,False,False
126,5880000,7160,3,1,1,1,0,1,0,0,2,1,False,True
127,5880000,6500,3,2,3,1,0,0,0,1,0,0,False,True
128,5873000,5500,3,1,3,1,1,0,0,1,1,0,False,False
130,5866000,4800,3,1,1,1,1,1,0,0,0,0,False,True
131,5810000,5828,4,1,4,1,1,0,0,0,0,0,True,False
132,5810000,5200,3,1,3,1,0,0,0,1,0,0,True,False
133,5810000,4800,3,1,3,1,0,0,0,1,0,0,False,True
134,5803000,7000,3,1,1,1,0,1,0,0,2,1,True,False
135,5775000,6000,3,2,4,1,0,0,0,1,0,0,False,True
136,5740000,5400,4,2,2,1,0,0,0,1,2,0,False,True
137,5740000,4640,4,1,2,1,0,0,0,0,1,0,True,False
138,5740000,5000,3,1,3,1,0,0,0,1,0,0,True,False
139,5740000,6360,3,1,1,1,1,1,0,1,2,1,False,False
140,5740000,5800,3,2,4,1,0,0,0,1,0,0,False,True
141,5652500,6660,4,2,2,1,1,1,0,0,1,1,True,False
143,5600000,4800,5,2,3,0,0,1,1,0,0,0,False,True
144,5600000,4700,4,1,2,1,1,1,0,1,1,0,False,False
145,5600000,5000,3,1,4,1,0,0,0,0,0,0,False,False
147,5600000,5500,3,2,2,1,0,0,0,0,1,0,True,False
148,5600000,6360,3,1,3,1,0,0,0,0,0,1,True,False
149,5600000,6600,4,2,1,1,0,1,0,0,0,1,True,False
150,5600000,5136,3,1,2,1,1,1,0,1,0,1,False,True
151,5565000,4400,4,1,2,1,0,0,0,1,2,1,True,False
152,5565000,5400,5,1,2,1,1,1,0,1,0,1,False,False
153,5530000,3300,3,3,2,1,0,1,0,0,0,0,True,False
154,5530000,3650,3,2,2,1,0,0,0,0,2,0,True,False
155,5530000,6100,3,2,1,1,0,1,0,0,2,1,False,False
156,5523000,6900,3,1,1,1,1,1,0,0,0,1,True,False
157,5495000,2817,4,2,2,0,1,1,0,0,1,0,False,False
158,5495000,7980,3,1,1,1,0,0,0,0,2,0,True,False
159,5460000,3150,3,2,1,1,1,1,0,1,0,0,False,False
160,5460000,6210,4,1,4,1,1,0,0,1,0,0,False,False
161,5460000,6100,3,1,3,1,1,0,0,1,0,1,True,False
162,5460000,6600,4,2,2,1,1,1,0,0,0,1,True,False
163,5425000,6825,3,1,1,1,1,1,0,1,0,1,True,False
164,5390000,6710,3,2,2,1,1,1,0,0,1,1,False,False
165,5383000,6450,3,2,1,1,1,1,1,0,0,0,False,True
166,5320000,7800,3,1,1,1,0,1,0,1,2,1,False,True
167,5285000,4600,2,2,1,1,0,0,0,1,2,0,True,False
168,5250000,4260,4,1,2,1,0,1,0,1,0,0,False,False
169,5250000,6540,4,2,2,0,0,0,0,1,0,0,True,False
170,5250000,5500,3,2,1,1,0,1,0,0,0,0,True,False
171,5250000,10269,3,1,1,1,0,0,0,0,1,1,True,False
172,5250000,8400,3,1,2,1,1,1,0,1,2,1,False,True
173,5250000,5300,4,2,1,1,0,0,0,1,0,1,False,True
174,5250000,3800,3,1,2,1,1,1,0,0,1,1,False,True
175,5250000,9800,4,2,2,1,1,0,0,0,2,0,True,False
176,5250000,8520,3,1,1,1,0,0,0,1,2,0,False,False
177,5243000,6050,3,1,1,1,0,1,0,0,0,1,True,False
178,5229000,7085,3,1,1,1,1,1,0,0,2,1,True,False
179,5215000,3180,3,2,2,1,0,0,0,0,2,0,True,False
180,5215000,4500,4,2,1,0,0,1,0,1,2,0,True,False
181,5215000,7200,3,1,2,1,1,1,0,0,1,1,False,False
182,5145000,3410,3,1,2,0,0,0,0,1,0,0,True,False
183,5145000,7980,3,1,1,1,0,0,0,0,1,1,True,False
184,5110000,3000,3,2,2,1,1,1,0,0,0,0,False,False
185,5110000,3000,3,1,2,1,0,1,0,0,0,0,False,True
187,5110000,6100,3,1,1,1,0,1,0,1,0,1,True,False
188,5075000,5720,2,1,2,1,0,0,0,1,0,1,False,True
189,5040000,3540,2,1,1,0,1,1,0,0,0,0,True,False
190,5040000,7600,4,1,2,1,0,0,0,1,2,0,False,False
192,5040000,6600,3,1,1,1,1,1,0,0,0,1,False,False
193,5033000,4800,2,1,1,1,1,1,0,0,0,0,True,False
194,5005000,8150,3,2,1,1,1,1,0,0,0,0,True,False
195,4970000,4410,4,3,2,1,0,1,0,0,2,0,True,False
196,4970000,7686,3,1,1,1,1,1,1,0,0,0,True,False
197,4956000,2800,3,2,2,0,0,1,0,1,1,0,True,False
198,4935000,5948,3,1,2,1,0,0,0,1,0,0,True,False
199,4907000,4200,3,1,2,1,0,0,0,0,1,0,False,False
200,4900000,4520,3,1,2,1,0,1,0,1,0,0,True,False
201,4900000,4095,3,1,2,0,1,1,0,1,0,0,True,False
202,4900000,4120,2,1,1,1,0,1,0,0,1,0,True,False
203,4900000,5400,4,1,2,1,0,0,0,0,0,0,True,False
204,4900000,4770,3,1,1,1,1,1,0,0,0,0,True,False
205,4900000,6300,3,1,1,1,0,0,0,1,2,0,True,False
206,4900000,5800,2,1,1,1,1,1,0,1,0,0,True,False
207,4900000,3000,3,1,2,1,0,1,0,1,0,0,True,False
208,4900000,2970,3,1,3,1,0,0,0,0,0,0,True,False
209,4900000,6720,3,1,1,1,0,0,0,0,0,0,False,True
210,4900000,4646,3,1,2,1,1,1,0,0,2,0,True,False
212,4893000,3420,4,2,2,1,0,1,0,1,2,0,True,False
213,4893000,4995,4,2,1,1,0,1,0,0,0,0,True,False
214,4865000,4350,2,1,1,1,0,1,0,0,0,0,False,True
215,4830000,4160,3,1,3,1,0,0,0,0,0,0,False,True
216,4830000,6040,3,1,1,1,0,0,0,0,2,1,True,False
217,4830000,6862,3,1,2,1,0,0,0,1,2,1,False,False
218,4830000,4815,2,1,1,1,0,0,0,1,0,1,True,False
219,4795000,7000,3,1,2,1,0,1,0,0,0,0,False,True
220,4795000,8100,4,1,4,1,0,1,0,1,2,0,True,False
221,4767000,3420,4,2,2,1,0,0,0,0,0,0,True,False
222,4760000,9166,2,1,1,1,0,1,0,1,2,0,True,False
223,4760000,6321,3,1,2,1,0,1,0,1,1,0,False,False
224,4760000,10240,2,1,1,1,0,0,0,1,2,1,False,True
225,4753000,6440,2,1,1,1,0,0,0,1,3,0,True,False
226,4690000,5170,3,1,4,1,0,0,0,1,0,0,True,False
227,4690000,6000,2,1,1,1,0,1,0,1,1,0,False,False
228,4690000,3630,3,1,2,1,0,0,0,0,2,0,True,False
229,4690000,9667,4,2,2,1,1,1,0,0,1,0,True,False
230,4690000,5400,2,1,2,1,0,0,0,0,0,1,True,False
231,4690000,4320,3,1,1,1,0,0,0,0,0,1,True,False
232,4655000,3745,3,1,2,1,0,1,0,0,0,0,False,False
233,4620000,4160,3,1,1,1,1,1,0,1,0,0,False,True
234,4620000,3880,3,2,2,1,0,1,0,0,2,0,True,False
235,4620000,5680,3,1,2,1,1,0,0,1,1,0,True,False
236,4620000,2870,2,1,2,1,1,1,0,0,0,1,True,False
237,4620000,5010,3,1,2,1,0,1,0,0,0,0,True,False
238,4613000,4510,4,2,2,1,0,1,0,0,0,0,True,False
239,4585000,4000,3,1,2,1,0,0,0,0,1,0,False,False
240,4585000,3840,3,1,2,1,0,0,0,0,1,1,True,False
241,4550000,3760,3,1,1,1,0,0,0,0,2,0,True,False
242,4550000,3640,3,1,2,1,0,0,0,1,0,0,False,False
243,4550000,2550,3,1,2,1,0,1,0,0,0,0,False,False
244,4550000,5320,3,1,2,1,1,1,0,0,0,1,True,False
245,4550000,5360,3,1,2,1,0,0,0,0,2,1,False,True
246,4550000,3520,3,1,1,1,0,0,0,0,0,1,True,False
247,4550000,8400,4,1,4,1,0,0,0,0,3,0,False,True
248,4543000,4100,2,2,1,1,1,1,0,0,0,0,True,False
249,4543000,4990,4,2,2,1,1,1,0,0,0,1,False,False
250,4515000,3510,3,1,3,1,0,0,0,0,0,0,True,False
251,4515000,3450,3,1,2,1,0,1,0,0,1,0,True,False
252,4515000,9860,3,1,1,1,0,0,0,0,0,0,True,False
253,4515000,3520,2,1,2,1,0,0,0,0,0,1,False,False
254,4480000,4510,4,1,2,1,0,0,0,1,2,0,True,False
255,4480000,5885,2,1,1,1,0,0,0,1,1,0,False,True
256,4480000,4000,3,1,2,1,0,0,0,0,2,0,False,False
257,4480000,8250,3,1,1,1,0,0,0,0,0,0,False,False
258,4480000,4040,3,1,2,1,0,0,0,0,1,0,True,False
259,4473000,6360,2,1,1,1,0,1,0,1,1,0,False,False
260,4473000,3162,3,1,2,1,0,0,0,1,1,0,False,False
261,4473000,3510,3,1,2,1,0,0,0,0,0,0,True,False
262,4445000,3750,2,1,1,1,1,1,0,0,0,0,True,False
263,4410000,3968,3,1,2,0,0,0,0,0,0,0,True,False
264,4410000,4900,2,1,2,1,0,1,0,0,0,0,True,False
265,4403000,2880,3,1,2,1,0,0,0,0,0,1,True,False
266,4403000,4880,3,1,1,1,0,0,0,0,2,1,False,True
267,4403000,4920,3,1,2,1,0,0,0,0,1,0,True,False
268,4382000,4950,4,1,2,1,0,0,0,1,0,0,True,False
269,4375000,3900,3,1,2,1,0,0,0,0,0,0,False,True
270,4340000,4500,3,2,3,1,0,0,1,0,1,0,False,False
271,4340000,1905,5,1,2,0,0,1,0,0,0,0,True,False
272,4340000,4075,3,1,1,1,1,1,0,0,2,0,True,False
273,4340000,3500,4,1,2,1,0,0,0,0,2,0,False,False
274,4340000,6450,4,1,2,1,0,0,0,0,0,0,True,False
275,4319000,4032,2,1,1,1,0,1,0,0,0,0,False,False
276,4305000,4400,2,1,1,1,0,0,0,0,1,0,True,False
277,4305000,10360,2,1,1,1,0,0,0,0,1,1,True,False
278,4277000,3400,3,1,2,1,0,1,0,0,2,1,True,False
279,4270000,6360,2,1,1,1,0,0,0,0,0,0,False,False
280,4270000,6360,2,1,2,1,0,0,0,0,0,0,False,True
281,4270000,4500,2,1,1,1,0,0,0,1,2,0,False,False
282,4270000,2175,3,1,2,0,1,1,0,1,0,0,False,True
283,4270000,4360,4,1,2,1,0,0,0,0,0,0,False,False
284,4270000,7770,2,1,1,1,0,0,0,0,1,0,False,False
285,4235000,6650,3,1,2,1,1,0,0,0,0,0,True,False
286,4235000,2787,3,1,1,1,0,1,0,0,0,1,False,False
287,4200000,5500,3,1,2,1,0,0,0,1,0,0,False,True
288,4200000,5040,3,1,2,1,0,1,0,1,0,0,False,True
289,4200000,5850,2,1,1,1,1,1,0,0,2,0,True,False
290,4200000,2610,4,3,2,0,0,0,0,0,0,0,True,False
291,4200000,2953,3,1,2,1,0,1,0,1,0,0,False,True
292,4200000,2747,4,2,2,0,0,0,0,0,0,0,True,False
293,4200000,4410,2,1,1,0,0,0,0,0,1,0,False,True
294,4200000,4000,4,2,2,0,0,0,0,0,0,0,True,False
295,4200000,2325,3,1,2,0,0,0,0,0,0,0,True,False
296,4200000,4600,3,2,2,1,0,0,0,1,1,0,True,False
297,4200000,3640,3,2,2,1,0,1,0,0,0,0,False,True
298,4200000,5800,3,1,1,1,0,0,1,0,2,0,True,False
299,4200000,7000,3,1,1,1,0,0,0,0,3,0,False,False
300,4200000,4079,3,1,3,1,0,0,0,0,0,0,True,False
301,4200000,3520,3,1,2,1,0,0,0,0,0,1,True,False
302,4200000,2145,3,1,3,1,0,0,0,0,1,1,False,True
303,4200000,4500,3,1,1,1,0,1,0,0,0,0,False,False
304,4193000,8250,3,1,1,1,0,1,0,0,3,0,True,False
305,4193000,3450,3,1,2,1,0,0,0,0,1,0,True,False
306,4165000,4840,3,1,2,1,0,0,0,0,1,0,True,False
307,4165000,4080,3,1,2,1,0,0,0,0,2,0,True,False
308,4165000,4046,3,1,2,1,0,1,0,0,1,0,True,False
309,4130000,4632,4,1,2,1,0,0,0,1,0,0,True,False
310,4130000,5985,3,1,1,1,0,1,0,0,0,0,True,False
311,4123000,6060,2,1,1,1,0,1,0,0,1,0,True,False
312,4098500,3600,3,1,1,1,0,1,0,1,0,1,False,False
313,4095000,3680,3,2,2,1,0,0,0,0,0,0,True,False
314,4095000,4040,2,1,2,1,0,0,0,0,1,0,True,False
315,4095000,5600,2,1,1,1,0,0,0,1,0,0,True,False
316,4060000,5900,4,2,2,0,0,1,0,0,1,0,False,True
317,4060000,4992,3,2,2,1,0,0,0,0,2,0,False,True
318,4060000,4340,3,1,1,1,0,0,0,0,0,0,True,False
319,4060000,3000,4,1,3,1,0,1,0,1,2,0,True,False
320,4060000,4320,3,1,2,1,0,0,0,0,2,1,False,False
321,4025000,3630,3,2,2,1,0,0,1,0,2,0,True,False
322,4025000,3460,3,2,1,1,0,1,0,1,1,0,False,False
323,4025000,5400,3,1,1,1,0,0,0,0,3,0,True,False
324,4007500,4500,3,1,2,0,0,1,0,1,0,0,True,False
325,4007500,3460,4,1,2,1,0,0,0,1,0,0,True,False
326,3990000,4100,4,1,1,0,0,1,0,0,0,0,False,True
327,3990000,6480,3,1,2,0,0,0,0,1,1,0,True,False
328,3990000,4500,3,2,2,0,0,1,0,1,0,0,True,False
329,3990000,3960,3,1,2,1,0,0,0,0,0,0,False,False
330,3990000,4050,2,1,2,1,1,1,0,0,0,1,False,True
331,3920000,7260,3,2,1,1,1,1,0,0,3,0,False,False
332,3920000,5500,4,1,2,1,1,1,0,0,0,0,True,False
333,3920000,3000,3,1,2,1,0,0,0,0,0,0,True,False
334,3920000,3290,2,1,1,1,0,0,1,0,1,0,False,False
335,3920000,3816,2,1,1,1,0,1,0,1,2,0,False,False
336,3920000,8080,3,1,1,1,0,0,0,1,2,0,True,False
337,3920000,2145,4,2,1,1,0,1,0,0,0,1,False,True
338,3885000,3780,2,1,2,1,1,1,0,0,0,0,True,False
339,3885000,3180,4,2,2,1,0,0,0,0,0,0,False,False
340,3850000,5300,5,2,2,1,0,0,0,0,0,0,True,False
341,3850000,3180,2,2,1,1,0,1,0,0,2,0,True,False
342,3850000,7152,3,1,2,1,0,0,0,1,0,0,False,False
343,3850000,4080,2,1,1,1,0,0,0,0,0,0,True,False
344,3850000,3850,2,1,1,1,0,0,0,0,0,0,True,False
345,3850000,2015,3,1,2,1,0,1,0,0,0,1,True,False
346,3850000,2176,2,1,2,1,1,0,0,0,0,1,True,False
347,3836000,3350,3,1,2,1,0,0,0,0,0,0,False,True
348,3815000,3150,2,2,1,0,0,1,0,0,0,0,True,False
349,3780000,4820,3,1,2,1,0,0,0,0,0,0,True,False
350,3780000,3420,2,1,2,1,0,0,1,0,1,0,True,False
351,3780000,3600,2,1,1,1,0,0,0,0,0,0,True,False
352,3780000,5830,2,1,1,1,0,0,0,0,2,0,False,True
353,3780000,2856,3,1,3,1,0,0,0,0,0,1,False,False
354,3780000,8400,2,1,1,1,0,0,0,0,1,0,False,False
355,3773000,8250,3,1,1,1,0,0,0,0,2,0,False,False
356,3773000,2520,5,2,1,0,0,1,0,1,1,0,False,False
357,3773000,6930,4,1,2,0,0,0,0,0,1,0,False,False
358,3745000,3480,2,1,1,1,0,0,0,0,0,1,True,False
359,3710000,3600,3,1,1,1,0,0,0,0,1,0,False,True
360,3710000,4040,2,1,1,1,0,0,0,0,0,0,True,False
361,3710000,6020,3,1,1,1,0,0,0,0,0,0,True,False
362,3710000,4050,2,1,1,1,0,0,0,0,0,0,False,False
363,3710000,3584,2,1,1,1,0,0,1,0,0,0,True,False
364,3703000,3120,3,1,2,0,0,1,1,0,0,0,True,False
365,3703000,5450,2,1,1,1,0,0,0,0,0,0,False,False
366,3675000,3630,2,1,1,1,0,1,0,0,0,0,False,False
367,3675000,3630,2,1,1,1,0,0,0,1,0,0,False,True
368,3675000,5640,2,1,1,0,0,0,0,0,0,0,True,False
369,3675000,3600,2,1,1,1,0,0,0,0,0,0,False,False
370,3640000,4280,2,1,1,1,0,0,0,1,2,0,True,False
371,3640000,3570,3,1,2,1,0,1,0,0,0,0,True,False
372,3640000,3180,3,1,2,0,0,1,0,0,0,0,True,False
373,3640000,3000,2,1,2,1,0,0,0,1,0,0,False,False
374,3640000,3520,2,2,1,1,0,1,0,0,0,0,True,False
375,3640000,5960,3,1,2,1,1,1,0,0,0,0,False,True
376,3640000,4130,3,2,2,1,0,0,0,0,2,0,True,False
377,3640000,2850,3,2,2,0,0,1,0,0,0,1,False,True
378,3640000,2275,3,1,3,1,0,0,1,1,0,1,True,False
379,3633000,3520,3,1,1,1,0,0,0,0,2,1,False,True
380,3605000,4500,2,1,1,1,0,0,0,0,0,0,True,False
381,3605000,4000,2,1,1,1,0,0,0,0,0,1,True,False
382,3570000,3150,3,1,2,1,0,1,0,0,0,0,False,False
383,3570000,4500,4,2,2,1,0,1,0,0,2,0,False,False
384,3570000,4500,2,1,1,0,0,0,0,0,0,0,False,False
385,3570000,3640,2,1,1,1,0,0,0,0,0,0,False,True
386,3535000,3850,3,1,1,1,0,0,0,0,2,0,False,True
387,3500000,4240,3,1,2,1,0,0,0,1,0,0,True,False
388,3500000,3650,3,1,2,1,0,0,0,0,0,0,False,True
389,3500000,4600,4,1,2,1,0,0,0,0,0,0,True,False
390,3500000,2135,3,2,2,0,0,0,0,0,0,0,False,True
391,3500000,3036,3,1,2,1,0,1,0,0,0,0,True,False
392,3500000,3990,3,1,2,1,0,0,0,0,0,0,True,False
393,3500000,7424,3,1,1,0,0,0,0,0,0,0,False,True
394,3500000,3480,3,1,1,0,0,0,0,1,0,0,False,True
395,3500000,3600,6,1,2,1,0,0,0,0,1,0,False,True
396,3500000,3640,2,1,1,1,0,0,0,0,1,0,True,False
397,3500000,5900,2,1,1,1,0,0,0,0,1,0,False,False
398,3500000,3120,3,1,2,1,0,0,0,0,1,0,False,True
399,3500000,7350,2,1,1,1,0,0,0,0,1,0,True,False
400,3500000,3512,2,1,1,1,0,0,0,0,1,1,False,True
401,3500000,9500,3,1,2,1,0,0,0,0,3,1,False,True
402,3500000,5880,2,1,1,1,0,0,0,0,0,0,False,True
404,3493000,4900,3,1,2,0,0,0,0,0,0,0,False,True
405,3465000,3060,3,1,1,1,0,0,0,0,0,0,False,True
406,3465000,5320,2,1,1,1,0,0,0,0,1,1,False,True
407,3465000,2145,3,1,3,1,0,0,0,0,0,1,False,False
408,3430000,4000,2,1,1,1,0,0,0,0,0,0,False,True
409,3430000,3185,2,1,1,1,0,0,0,0,2,0,False,True
410,3430000,3850,3,1,1,1,0,0,0,0,0,0,False,True
411,3430000,2145,3,1,3,1,0,0,0,0,0,1,False,False
412,3430000,2610,3,1,2,1,0,1,0,0,0,1,False,True
413,3430000,1950,3,2,2,1,0,1,0,0,0,1,False,True
414,3423000,4040,2,1,1,1,0,0,0,0,0,0,False,True
415,3395000,4785,3,1,2,1,1,1,0,1,1,0,False,False
416,3395000,3450,3,1,1,1,0,1,0,0,2,0,False,True
417,3395000,3640,2,1,1,1,0,0,0,0,0,0,False,False
418,3360000,3500,4,1,2,1,0,0,0,1,2,0,False,True
419,3360000,4960,4,1,3,0,0,0,0,0,0,0,True,False
420,3360000,4120,2,1,2,1,0,0,0,0,0,0,False,True
421,3360000,4750,2,1,1,1,0,0,0,0,0,0,False,True
422,3360000,3720,2,1,1,0,0,0,0,1,0,0,False,True
423,3360000,3750,3,1,1,1,0,0,0,0,0,0,False,True
424,3360000,3100,3,1,2,0,0,1,0,0,0,0,True,False
425,3360000,3185,2,1,1,1,0,1,0,0,2,0,False,False
426,3353000,2700,3,1,1,0,0,0,0,0,0,0,False,False
427,3332000,2145,3,1,2,1,0,1,0,0,0,1,False,False
428,3325000,4040,2,1,1,1,0,0,0,0,1,0,False,True
429,3325000,4775,4,1,2,1,0,0,0,0,0,0,False,True
430,3290000,2500,2,1,1,0,0,0,0,1,0,0,False,True
431,3290000,3180,4,1,2,1,0,1,0,1,0,0,False,True
432,3290000,6060,3,1,1,1,1,1,0,0,0,0,False,False
433,3290000,3480,4,1,2,0,0,0,0,0,1,0,True,False
434,3290000,3792,4,1,2,1,0,0,0,0,0,0,True,False
435,3290000,4040,2,1,1,1,0,0,0,0,0,0,False,True
436,3290000,2145,3,1,2,1,0,1,0,0,0,1,False,False
437,3290000,5880,3,1,1,1,0,0,0,0,1,0,False,True
438,3255000,4500,2,1,1,0,0,0,0,0,0,0,True,False
439,3255000,3930,2,1,1,0,0,0,0,0,0,0,False,True
440,3234000,3640,4,1,2,1,0,1,0,0,0,0,False,True
441,3220000,4370,3,1,2,1,0,0,0,0,0,0,False,True
442,3220000,2684,2,1,1,1,0,0,0,1,1,0,False,True
443,3220000,4320,3,1,1,0,0,0,0,0,1,0,False,True
444,3220000,3120,3,1,2,0,0,0,0,0,0,0,False,False
445,3150000,3450,1,1,1,1,0,0,0,0,0,0,False,False
446,3150000,3986,2,2,1,0,1,1,0,0,1,0,False,True
447,3150000,3500,2,1,1,0,0,1,0,0,0,0,True,False
448,3150000,4095,2,1,1,1,0,0,0,0,2,0,True,False
449,3150000,1650,3,1,2,0,0,1,0,0,0,0,False,True
450,3150000,3450,3,1,2,1,0,1,0,0,0,0,True,False
451,3150000,6750,2,1,1,1,0,0,0,0,0,0,True,False
452,3150000,9000,3,1,2,1,0,0,0,0,2,0,True,False
453,3150000,3069,2,1,1,1,0,0,0,0,1,0,False,True
454,3143000,4500,3,1,2,1,0,0,0,1,0,0,False,True
455,3129000,5495,3,1,1,1,0,1,0,0,0,0,False,True
456,3118850,2398,3,1,1,1,0,0,0,0,0,1,True,False
457,3115000,3000,3,1,1,0,0,0,0,1,0,0,False,True
458,3115000,3850,3,1,2,1,0,0,0,0,0,0,False,True
459,3115000,3500,2,1,1,1,0,0,0,0,0,0,False,True
460,3087000,8100,2,1,1,1,0,0,0,0,1,0,False,True
461,3080000,4960,2,1,1,1,0,1,0,1,0,0,False,True
462,3080000,2160,3,1,2,0,0,1,0,0,0,0,True,False
463,3080000,3090,2,1,1,1,1,1,0,0,0,0,False,True
464,3080000,4500,2,1,2,1,0,0,1,0,1,0,True,False
465,3045000,3800,2,1,1,1,0,0,0,0,0,0,False,True
466,3010000,3090,3,1,2,0,0,0,0,0,0,0,True,False
467,3010000,3240,3,1,2,1,0,0,0,0,2,0,True,False
468,3010000,2835,2,1,1,1,0,0,0,0,0,0,True,False
469,3010000,4600,2,1,1,1,0,0,0,0,0,0,False,False
470,3010000,5076,3,1,1,0,0,0,0,0,0,0,False,True
471,3010000,3750,3,1,2,1,0,0,0,0,0,0,False,True
472,3010000,3630,4,1,2,1,0,0,0,0,3,0,True,False
473,3003000,8050,2,1,1,1,0,0,0,0,0,0,False,True
474,2975000,4352,4,1,2,0,0,0,0,0,1,0,False,True
475,2961000,3000,2,1,2,1,0,0,0,0,0,0,True,False
476,2940000,5850,3,1,2,1,0,1,0,0,1,0,False,True
477,2940000,4960,2,1,1,1,0,0,0,0,0,0,False,True
478,2940000,3600,3,1,2,0,0,0,0,0,1,0,False,True
479,2940000,3660,4,1,2,0,0,0,0,0,0,0,False,True
480,2940000,3480,3,1,2,0,0,0,0,0,1,0,True,False
481,2940000,2700,2,1,1,0,0,0,0,0,0,0,False,False
482,2940000,3150,3,1,2,0,0,0,0,0,0,0,False,True
483,2940000,6615,3,1,2,1,0,0,0,0,0,0,True,False
484,2870000,3040,2,1,1,0,0,0,0,0,0,0,False,True
485,2870000,3630,2,1,1,1,0,0,0,0,0,0,False,True
486,2870000,6000,2,1,1,1,0,0,0,0,0,0,True,False
487,2870000,5400,4,1,2,1,0,0,0,0,0,0,False,True
488,2852500,5200,4,1,3,1,0,0,0,0,0,0,False,True
489,2835000,3300,3,1,2,0,0,0,0,0,1,0,True,False
490,2835000,4350,3,1,2,0,0,0,1,0,1,0,False,True
491,2835000,2640,2,1,1,0,0,0,0,0,1,0,False,False
492,2800000,2650,3,1,2,1,0,1,0,0,1,0,False,True
493,2800000,3960,3,1,1,1,0,0,0,0,0,0,False,False
494,2730000,6800,2,1,1,1,0,0,0,0,0,0,False,True
495,2730000,4000,3,1,2,1,0,0,0,0,1,0,False,True
496,2695000,4000,2,1,1,1,0,0,0,0,0,0,False,True
497,2660000,3934,2,1,1,1,0,0,0,0,0,0,False,True
498,2660000,2000,2,1,2,1,0,0,0,0,0,0,True,False
499,2660000,3630,3,3,2,0,1,0,0,0,0,0,False,True
500,2660000,2800,3,1,1,1,0,0,0,0,0,0,False,True
501,2660000,2430,3,1,1,0,0,0,0,0,0,0,False,True
502,2660000,3480,2,1,1,1,0,0,0,0,1,0,True,False
503,2660000,4000,3,1,1,1,0,0,0,0,0,0,True,False
504,2653000,3185,2,1,1,1,0,0,0,1,0,0,False,True
505,2653000,4000,3,1,2,1,0,0,0,1,0,0,False,True
506,2604000,2910,2,1,1,0,0,0,0,0,0,0,False,True
507,2590000,3600,2,1,1,1,0,0,0,0,0,0,False,True
508,2590000,4400,2,1,1,1,0,0,0,0,0,0,False,True
509,2590000,3600,2,2,2,1,0,1,0,0,1,0,False,False
510,2520000,2880,3,1,1,0,0,0,0,0,0,0,False,True
511,2520000,3180,3,1,1,0,0,0,0,0,0,0,False,True
512,2520000,3000,2,1,2,1,0,0,0,0,0,0,False,False
513,2485000,4400,3,1,2,1,0,0,0,0,0,0,False,True
514,2485000,3000,3,1,2,0,0,0,0,0,0,0,True,False
515,2450000,3210,3,1,2,1,0,1,0,0,0,0,False,True
516,2450000,3240,2,1,1,0,1,0,0,0,1,0,False,True
517,2450000,3000,2,1,1,1,0,0,0,0,1,0,False,True
518,2450000,3500,2,1,1,1,1,0,0,0,0,0,False,True
519,2450000,4840,2,1,2,1,0,0,0,0,0,0,False,True
520,2450000,7700,2,1,1,1,0,0,0,0,0,0,False,True
521,2408000,3635,2,1,1,0,0,0,0,0,0,0,False,True
522,2380000,2475,3,1,2,1,0,0,0,0,0,0,False,False
523,2380000,2787,4,2,2,1,0,0,0,0,0,0,False,False
524,2380000,3264,2,1,1,1,0,0,0,0,0,0,False,True
525,2345000,3640,2,1,1,1,0,0,0,0,0,0,False,True
526,2310000,3180,2,1,1,1,0,0,0,0,0,0,False,True
527,2275000,1836,2,1,1,0,0,1,0,0,0,0,True,False
528,2275000,3970,1,1,1,0,0,0,0,0,0,0,False,True
529,2275000,3970,3,1,2,1,0,1,0,0,0,0,False,True
530,2240000,1950,3,1,1,0,0,0,1,0,0,0,False,True
531,2233000,5300,3,1,1,0,0,0,0,1,0,1,False,True
532,2135000,3000,2,1,1,0,0,0,0,0,0,0,False,True
533,2100000,2400,3,1,2,1,0,0,0,0,0,0,False,True
534,2100000,3000,4,1,2,1,0,0,0,0,0,0,False,True
535,2100000,3360,2,1,1,1,0,0,0,0,1,0,False,True
536,1960000,3420,5,1,2,0,0,0,0,0,0,0,False,True
537,1890000,1700,3,1,2,1,0,0,0,0,0,0,False,True
538,1890000,3649,2,1,1,1,0,0,0,0,0,0,False,True
539,1855000,2990,2,1,1,0,0,0,0,0,1,0,False,True
540,1820000,3000,2,1,1,1,0,1,0,0,2,0,False,True
541,1767150,2400,3,1,1,0,0,0,0,0,0,0,True,False
542,1750000,3620,2,1,1,1,0,0,0,0,0,0,False,True
543,1750000,2910,3,1,1,0,0,0,0,0,0,0,False,False
544,1750000,3850,3,1,2,1,0,0,0,0,0,0,False,True
